Date,,Miami,Tampa,Atlanta,New Orleans,Houston,Grand Prairie,Los Angeles,SF - Warfield,Seattle,Chicago,Detroit,Washington DC,Philly,New York,Boston
Mon 14-Oct,,1h,o,o,,2h,1h,1h,,2h,2h,1h,c,,4h,o/h
Tue 15-Oct,,o,2h,o,,,3h,2h,,c,o,2h,o,,5h,o/h
Wed 16-Oct,,o,2h,o,,,3h,2h,,3h,c,o,1h,,5h,o/h
Thu 17-Oct,,o,3h,c,,,4h,4h,,5h,2h,1h,1h,,7h,o/h
Fri 18-Oct,,2h,c,1h,,,4h,c,,7h,c,1h,1h,,c,o/h
Sat 19-Oct,,1h,c,1h,,,5h,c,,c,c,2h,c,,c,o/h
Sun 20-Oct,,1h,3h,1h,,,4h,4h,,7h,c,2h,c,,c,o/h
Mon 21-Oct,,o,2h,2h,,2h,2h,1h,,8h,o,o,o,,2h,o/h
Tue 22-Oct,,o,2h,2h,,,2h,1h,,5h,o,2h,1h,,3h,o/h
Wed 23-Oct,,o,o,1h,,,2h,3h,,c,o,1h,1h,,4h,1h
Thu 24-Oct,,o,o,3h,,,2h,4h,,5h,3h,1h,1h,,c,o/h
Fri 25-Oct,,2h,c,3h,,,c,p,,7h,c,1h,c,,c,o/h
Sat 26-Oct,,c,2h,4h,,,5h,p,c,c,5h,1h,c,,c,o/h
Sun 27-Oct,,1h,2h,4h,,,3h,3h,,1h,3h,2h,2h,o,c,o/h
Mon 28-Oct,,o,o,1h,,2h,1h,4h,,3h,5h,1h,1h,,1h,o/h
Tue 29-Oct,,o,o,2h,,,1h,4h,,3h,4h,2h,1h,,2h,o/h
Wed 30-Oct,,o,c,2h,,,2h,2h,,4h,5h,o,1h,,2h,o/h
Thu 31-Oct,,,,,,,,,,,,,,,,
Fri 1-Nov,,1h,,2h,,,5h,c,,c,7h,o,2h,,1h,1h
Sat 2-Nov,,o,,2h,,,4h,c,,1h,8h,1h,2h,,c,2h
Sun 3-Nov,,1h,,c,,,4h,5h,,6h,4h,1h,o,,o,o/h
Mon 4-Nov,,o,o,c,,,4h,1h,,4h,1h,1h,o,,o,o/h
Tue 5-Nov,,o,o,c,,,5h,1h,,5h,1h,2h,o,,1h,o/h
Wed 6-Nov,,o,,c,,,6h,2h,,o,3h,1h,1h,,1h,o/h
Thu 7-Nov,,1h,o,c,,,6h,2h,,5h,2h,1h,c,,c,o/h
Fri 8-Nov,,o,,c,,,5h,4h,,5h,3h,1h,1h,,c,o/h
Sat 9-Nov,,o,o,c,,,c,p,,6h,c,2h,1h,,c,o/h
Sun 10-Nov,,c,o,c,,,3h,3h,,6h,2h,1h,1h,,3h,o/h
Mon 11-Nov,,1h,,c,,,3h,1h,,c,2h,1h,1h,1h,o,o/h
Tue 12-Nov,,o,,4h,,,3h,c,,c,2h,1h,o,1h,c,o/h
Wed 13-Nov,,o,,3h,,,c,c,,c,3h,2h,c,1h,c,o/h
Thu 14-Nov,,o,,3h,,,6h,c,,c,4h,3h,o,1h,c,o/h
Fri 15-Nov,,o,,4h,,,c,c,,c,4h,3h,1h,1h,2h,o/h
Sat 16-Nov,,1h,,c,,,5h,c,,c,5h,2h,1h,1h,3h,2h
Sun 17-Nov,,o,,3h,,,2h,c,,c,2h,2h,o,1h,2h,o/h
Mon 18-Nov,,o,,2h,,,o,c,,3h,2h,1h,o,,2h,o/h
Tue 19-Nov,,o,,2h,,,1h,c,,c,2h,2h,o,,c,o/h
Wed 20-Nov,,o,,3h,,,1h,c,,3h,2h,o,o,,c,o/h
Thu 21-Nov,,o,,3h,,,o,c,,c,o,1h,o,,c,o/h
Fri 22-Nov,,o,,c,,,c,c,,c,1h,2h,1h,,c,o/h
Sat 23-Nov,,o,,c,,,c,c,,5h,c,2h,1h,,c,
Sun 24-Nov,,o,,2h,,,1h,c,,c,o,c,o,,1h,o/h
